{"model":{"version":2,"nodes":[{"name":"RootNode","position":[0,0,0],"rotation":[0,0,0],"scale":[1,1,1]},{"name":"Base","position":[0,0,0],"rotation":[90,-8.65142e-06,-180],"scale":[0.0254,0.0254,0.0254]},{"name":"Tower","position":[-4.17671e-08,0,0],"rotation":[0,-0,180],"scale":[1,1,1]}],"parents":[-1,0,1],"skins":[],"vertices":[{"position":{"type":"float32","components":3,"data":[8.76928,-21.1506,1.90735e-06,21.1565,-8.75489,1.90735e-06,15.722,-6.50599,15.5786,6.5167,-15.7176,15.5786,-8.75491,-21.1565,3.8147e-06,8.76928,-21.1506,1.90735e-06,6.5167,-15.7176,15.5786,-6.50601,-15.722,15.5786,-8.7693,21.1506,1.90735e-06,-21.1566,8.7549,1.90735e-06,-15.722,6.50601,15.5786,-6.51671,15.7176,15.5786,-21.1506,-8.76928,1.90735e-06,-8.75491,-21.1565,3.8147e-06,-6.50601,-15.722,15.5786,-15.7176,-6.51669,15.5786,-21.1566,8.7549,1.90735e-06,-21.1506,-8.76928,1.90735e-06,-15.7176,-6.51669,15.5786,-15.722,6.50601,15.5786,6.506,15.722,15.5786,-6.51671,15.7176,15.5786,-15.722,6.50601,15.5786,15.7176,6.51672,15.5786,-15.7176,-6.51669,15.5786,15.722,-6.50599,15.5786,-6.50601,-15.722,15.5786,6.5167,-15.7176,15.5786,21.1506,8.76931,0,8.75488,21.1566,1.90735e-06,6.506,15.722,15.5786,15.7176,6.51672,15.5786,8.75488,21.1566,1.90735e-06,-8.7693,21.1506,1.90735e-06,-6.51671,15.7176,15.5786,6.506,15.722,15.5786,21.1565,-8.75489,1.90735e-06,21.1506,8.76931,0,15.7176,6.51672,15.5786,15.722,-6.50599,15.5786,72.3579,-7.90117,14.068,72.3599,8.45522,14.0738,51.9412,8.47745,14.0796,51.9412,-7.90111,14.0796,63.9062,-7.90111,4.72488,72.3579,-7.90117,14.068,51.9412,-7.90111,14.0796,51.9412,-7.90111,4.72488,63.9062,8.44803,4.72489,63.9062,-7.90111,4.72488,51.9412,-7.90111,4.72488,51.9412,8.47745,4.72488,51.9412,8.47745,4.72488,51.9412,-7.90111,4.72488,51.9412,-7.90111,14.0796,51.9412,8.47745,14.0796,55.8577,-5.64852,11.974,55.8577,6.16949,11.9508,15.8747,6.1695,11.9508,15.8747,-5.64851,11.974,55.8577,-5.70337,6.80726,55.8577,-5.64852,11.974,15.8747,-5.64851,11.974,17.6788,-5.70336,6.80726,72.3579,-7.90117,14.068,63.9062,-7.90111,4.72488,66.1837,-4.68719,7.2445,70.0804,-4.68724,11.5484,63.9062,8.44803,4.72489,66.1837,5.21913,7.24452,70.0818,5.23371,11.5523,70.0804,-4.68724,11.5484,55.4267,-4.68719,11.56,55.4267,5.263,11.56,70.0804,-4.68724,11.5484,66.1837,-4.68719,7.2445,55.4267,-4.68719,7.24448,55.4267,-4.68719,11.56,66.1837,-4.68719,7.2445,66.1837,5.21913,7.24452,55.4267,5.263,7.24448,55.4267,-4.68719,7.24448,66.1837,5.21913,7.24452,70.0818,5.23371,11.5523,55.4267,5.263,11.56,55.4267,5.263,7.24448,55.4267,-4.68719,7.24448,55.4267,5.263,7.24448,55.4267,5.263,11.56,55.4267,-4.68719,11.56,55.8577,6.11464,6.78407,55.8577,-5.70337,6.80726,17.6788,-5.70336,6.80726,17.6788,6.11465,6.78407,55.8577,6.16949,11.9508,55.8577,6.11464,6.78407,17.6788,6.11465,6.78407,15.8747,6.1695,11.9508,72.3599,8.45522,14.0738,72.3579,-7.90117,14.068,70.0804,-4.68724,11.5484,70.0818,5.23371,11.5523,63.9062,8.44803,4.72489,66.1837,5.21913,7.24452,63.9062,8.44803,4.72489,51.9412,8.47745,4.72488,51.9412,8.47745,14.0796,72.3599,8.45522,14.0738]},"normal":{"type":"float32","components":3,"data":[0.358312,-0.864211,0.353203,0.864454,-0.357724,0.353203,0.864454,-0.357724,0.353203,0.358312,-0.864211,0.353203,-0.357725,-0.864454,0.353203,0.358312,-0.864211,0.353203,0.358312,-0.864211,0.353203,-0.357724,-0.864454,0.353203,-0.358313,0.86421,0.353203,-0.864454,0.357724,0.353203,-0.864454,0.357724,0.353203,-0.358313,0.86421,0.353203,-0.864211,-0.358312,0.353203,-0.357725,-0.864454,0.353203,-0.357724,-0.864454,0.353203,-0.86421,-0.358312,0.353203,-0.864454,0.357724,0.353203,-0.864211,-0.358312,0.353203,-0.86421,-0.358312,0.353203,-0.864454,0.357724,0.353203,0,0,1,0,0,1,0,0,1,0,0,1,0,0,1,0,0,1,0,0,1,0,0,1,0.864211,0.358313,0.353203,0.357724,0.864454,0.353203,0.357724,0.864454,0.353203,0.864211,0.358312,0.353203,0.357724,0.864454,0.353203,-0.358313,0.86421,0.353203,-0.358313,0.86421,0.353203,0.357724,0.864454,0.353203,0.864454,-0.357724,0.353203,0.864211,0.358313,0.353203,0.864211,0.358312,0.353203,0.864454,-0.357724,0.353203,0.000405404,-0.000202217,1,0.000282838,-0.000355002,1,0.000445162,-0.000152657,1,0.000567626,7.93228e-10,1,-2.05384e-06,-1,-2.52497e-06,-2.85135e-06,-1,-3.54502e-06,-1.24999e-06,-1,-1.49683e-06,-7.97054e-08,-1,0,5.72716e-07,5.14171e-07,-1,7.43897e-14,9.33308e-07,-1,3.84923e-07,6.51606e-07,-1,9.57036e-07,2.32909e-07,-1,-1,-1.39745e-06,0,-1,-1.39745e-06,0,-1,-1.39745e-06,0,-1,-1.39745e-06,0,-3.43758e-08,0.00196242,0.999998,5.61727e-10,0.00196254,0.999998,-1.55457e-07,0.00196201,0.999998,-1.90395e-07,0.00196189,0.999998,-2.23477e-07,-0.999944,0.0106159,-2.16682e-07,-0.999944,0.010616,-2.91089e-07,-0.999944,0.0106154,-2.99732e-07,-0.999944,0.0106153,0.741699,-6.96827e-05,-0.670733,0.74173,0.000192371,-0.670698,0.741703,0.000112257,-0.670728,0.741619,-0.000360806,-0.670822,0.741727,-5.83567e-05,-0.670701,0.741669,-0.000286271,-0.670766,-0.000689184,0.000242882,-1,-0.000789819,0.000391539,-1,-0.000625179,0.000148335,-1,-0.000524762,-4.02366e-10,-1,1.29373e-06,1,8.44698e-06,-2.27879e-11,1,1.28519e-05,3.0882e-06,1,2.33732e-06,3.77469e-06,1,0,-2.52166e-06,-1.19261e-06,1,-3.19947e-06,-1.92539e-06,1,-2.44899e-06,-1.11405e-06,1,-1.77312e-06,-3.83381e-07,1,-0.0023404,-0.999988,0.00433246,-0.00199595,-0.999985,0.00519103,-0.00357295,-0.999993,0.00126018,-0.00407815,-0.999992,8.83946e-07,1,7.66759e-07,-1.76575e-13,1,7.66759e-07,-6.77779e-13,1,7.66759e-07,-5.01203e-13,1,7.66759e-07,0,-1.97015e-08,-0.00196216,-0.999998,-5.88173e-10,-0.00196222,-0.999998,-8.1489e-08,-0.00196196,-0.999998,-1.00602e-07,-0.00196189,-0.999998,3.43282e-07,0.999944,-0.0106156,3.48627e-07,0.999944,-0.0106156,2.90612e-07,0.999944,-0.0106152,2.86208e-07,0.999944,-0.0106152,0.741824,0.000293437,-0.670594,0.741699,-6.96827e-05,-0.670733,0.741619,-0.000360806,-0.670822,0.741797,0.000229862,-0.670624,0.741727,-5.83567e-05,-0.670701,0.741669,-0.000286271,-0.670766,0.00148252,0.999998,-0.00124883,0.0024589,0.999997,0,0.00187993,0.999998,-0.000740525,0.00108803,0.999998,-0.0017534]},"texCoord0":{"type":"float32","components":2,