{"model":{"version":2,"nodes":[{"name":"RootNode","position":[0,0,0],"rotation":[0,0,0],"scale":[1,1,1]},{"name":"Cylinder001","position":[0,0,0],"rotation":[-90,-0,0],"scale":[0.0254,0.0254,0.0254]}],"parents":[-1,0],"skins":[],"vertices":[{"position":{"type":"float32","components":3,"data":[-20.1702,0.671811,19.1042,-18.1027,0.672838,4.5938,-18.1156,-0.664757,4.5938,-20.1866,-0.668931,19.1042,-13.9943,0.671681,-5.29841,-14.0016,-0.661718,-5.29841,-9.30597,0.666352,-11.3289,-4.54309,0.660267,-15.6543,-4.54407,-0.670401,-15.6543,-9.30915,-0.664876,-11.3289,4.55278,0.660277,-15.652,9.30602,0.666352,-11.329,9.3092,-0.664876,-11.329,4.55376,-0.670392,-15.652,13.9942,0.671681,-5.29843,18.1027,0.672838,4.59377,18.1156,-0.664756,4.59377,14.0016,-0.661718,-5.29843,20.1702,0.671811,19.1042,20.1866,-0.668931,19.1042,18.1027,0.672838,4.59377,13.9942,0.671681,-5.29843,20.1866,-0.668931,19.1042,20.1702,0.671811,19.1042,20.1866,-0.668931,19.1042,14.0016,-0.661718,-5.29843,18.1156,-0.664756,4.59377,-20.1866,-0.668931,19.1042,-18.1156,-0.664757,4.5938,-14.0016,-0.661718,-5.29841,-9.30915,-0.664876,-11.3289,-4.54407,-0.670401,-15.6543,4.55376,-0.670392,-15.652,9.3092,-0.664876,-11.329,-18.1027,0.672838,4.5938,-20.1702,0.671811,19.1042,-20.1866,-0.668931,19.1042,-13.9943,0.671681,-5.29841,9.30602,0.666352,-11.329,4.55278,0.660277,-15.652,-4.54309,0.660267,-15.6543,-9.30597,0.666352,-11.3289,0.00457333,0.657796,-19.1042,0.00457412,-0.672838,-19.1042,0.00457412,-0.672838,-19.1042,0.00457333,0.657796,-19.1042,20.1702,0.671811,19.1042,20.1702,0.671811,19.1042,-20.1866,-0.668931,19.1042,20.1866,-0.668931,19.1042,0.00457412,-0.672838,-19.1042,0.00457333,0.657796,-19.1042]},"normal":{"type":"float32","components":3,"data":[-0.989899,0.0119398,-0.141268,-0.964259,0.00914597,-0.264803,-0.964364,0.00937317,-0.264412,-0.989896,0.0120869,-0.141281,-0.863995,0.00462123,-0.503479,-0.864189,0.00491109,-0.503143,-0.733521,0.00168061,-0.679665,-0.63896,0.000470757,-0.76924,-0.638938,0.00051046,-0.769258,-0.733561,0.00188895,-0.679621,0.639236,0.000512263,-0.769011,0.733713,0.0018893,-0.679457,0.733754,0.00168115,-0.679413,0.639214,0.000472548,-0.769029,0.863981,0.00491038,-0.5035,0.964286,0.00937233,-0.264697,0.964395,0.00914724,-0.264308,0.864177,0.0046229,-0.503167,0.989928,0.0120887,-0.141051,0.989928,0.0119412,-0.141065,-0.34738,0.927856,0.135687,-0.117284,0.989529,0.0841236,-0.262956,0.561814,-0.784359,-0.989928,-0.0120887,0.141051,0.000237986,-1,-4.75502e-05,0.00147853,-0.999999,-0.000670299,-7.11346e-05,-1,-0.000277526,-0.00023797,-1,-4.75642e-05,7.12573e-05,-1,-0.000277505,-0.00147857,-0.999999,-0.000670317,-0.00185954,-0.999998,-0.00079787,-0.00091668,-1,-0.00037024,0.000919709,-1,-0.00037164,0.00186148,-0.999998,-0.000798559,0.347381,0.927855,0.135687,0.989929,-0.0120873,0.141051,0.717622,0.684588,0.127901,0.117282,0.989529,0.0841232,-0.0656254,0.995583,0.0671447,-0.0469409,0.997139,0.0592489,-0.00303661,0.999859,0.0165171,0.0655092,0.995593,0.0671038,-0.60431,6.45956e-05,-0.79675,-0.604298,-3.59933e-07,-0.796759,7.65845e-07,-1,-8.91058e-05,0.00441573,0.999975,0.00559683,0.72009,0.582413,-0.377181,7.87595e-16,-1.77826e-07,1,7.87595e-16,-1.77826e-07,1,7.87595e-16,-1.77826e-07,1,0.604578,6.54571e-05,-0.796546,0.60459,3.60108e-07,-0.796537]},"texCoord0":{"type":"float32","components":2,"data":[0.208333,0,0.333333,0,0.333333,1,0.0878541,0.571429,0.402216,0,0.402216,1,0.437516,0,0.479151,0,0.479151,1,0.437516,1,0.520849,0,0.562484,0,0.562484,1,0.520849,1,0.597784,0,0.666667,0,0.666667,1,0.597784,1,0.791667,0,0.850563,0.666667,0.75,0.933012,0.901278,0.781735,0.0747662,0.68783,0.375,0.966506,0.123618,0.706169,0.901278,0.781735,0.75,0.933012,0.149825,0.242501,0.75,0.0669872,0.901277,0.218265,0.949772,0.312547,0.983241,0.437453,0.983241,0.562547,0.949772,0.687453,0.75,0.0669872,0.375,0.0334937,0.0747663,0.31217,0.901277,0.218265,0.949772,0.687453,0.983241,0.562547,0.983241,0.437453,0.949772,0.312547,0.5,0,0.5,1,0.983241,0.5,0.983241,0.5,0.0187919,0.500848,-2.09863,6.89614e-07,0.0878541,0.571429,-3.51312,0.666668,0.5,1,0.5,0]}}],"meshes":[{"aabb":{"min":[-20.1866,-0.672838,-19.1042],"max":[20.1866,0.672838,19.1042]},"vertices":0,"indices":[0,1,2,2,3,0,1,4,5,5,2,1,6,7,8,8,9,6,10,11,12,12,13,10,14,15,16,16,17,14,15,18,19,19,16,15,20,21,22,22,23,20,24,25,26,27,28,29,30,31,27,24,32,33,34,35,36,36,37,34,22,38,39,40,41,36,4,6,9,9,5,4,42,43,8,8,7,42,11,14,17,17,12,11,24,44,32,29,30,27,24,33,25,21,38,22,36,41,37,45,46,22,22,39,45,47,48,49,10,13,50,50,51,10,27,31,44,44,24,27,40,36,46,46,45,40],"type":"triangles","base":0,"count":126}],"meshInstances":[{"node":1,"mesh":0}]}}