{"model":{"version":2,"nodes":[{"name":"RootNode","position":[0,0,0],"rotation":[0,0,0],"scale":[1,1,1]},{"name":"GeoSphere003","position":[0,0,2.42233e-08],"rotation":[-90,-0,0],"scale":[0.0254,0.0254,0.0254]}],"parents":[-1,0],"skins":[],"vertices":[{"position":{"type":"float32","components":3,"data":[0,9.53674e-07,32.7313,29.2758,9.53674e-07,14.6379,9.04671,27.8429,14.6379,0,9.53674e-07,32.7313,9.04671,27.8429,14.6379,-23.6846,17.2079,14.6379,0,9.53674e-07,32.7313,-23.6846,17.2079,14.6379,-23.6846,-17.2079,14.6379,0,9.53674e-07,32.7313,-23.6846,-17.2079,14.6379,9.04671,-27.8429,14.6379,0,9.53674e-07,32.7313,9.04671,-27.8429,14.6379,29.2758,9.53674e-07,14.6379,29.2758,9.53674e-07,14.6379,23.6846,-17.2079,-14.6379,23.6846,17.2079,-14.6379,9.04671,27.8429,14.6379,23.6846,17.2079,-14.6379,-9.04671,27.8429,-14.6379,-23.6846,17.2079,14.6379,-9.04671,27.8429,-14.6379,-29.2758,-1.60569e-06,-14.6379,-23.6846,-17.2079,14.6379,-29.2758,-1.60569e-06,-14.6379,-9.0467,-27.8429,-14.6379,9.04671,-27.8429,14.6379,-9.0467,-27.8429,-14.6379,23.6846,-17.2079,-14.6379,23.6846,17.2079,-14.6379,9.04671,27.8429,14.6379,29.2758,9.53674e-07,14.6379,-9.04671,27.8429,-14.6379,-23.6846,17.2079,14.6379,9.04671,27.8429,14.6379,-29.2758,-1.60569e-06,-14.6379,-23.6846,-17.2079,14.6379,-23.6846,17.2079,14.6379,-9.0467,-27.8429,-14.6379,9.04671,-27.8429,14.6379,-23.6846,-17.2079,14.6379,23.6846,-17.2079,-14.6379,29.2758,9.53674e-07,14.6379,9.04671,-27.8429,14.6379,0,9.53674e-07,-32.7313,-9.04671,27.8429,-14.6379,23.6846,17.2079,-14.6379,0,9.53674e-07,-32.7313,-29.2758,-1.60569e-06,-14.6379,-9.04671,27.8429,-14.6379,0,9.53674e-07,-32.7313,-9.0467,-27.8429,-14.6379,-29.2758,-1.60569e-06,-14.6379,0,9.53674e-07,-32.7313,23.6846,-17.2079,-14.6379,-9.0467,-27.8429,-14.6379,0,9.53674e-07,-32.7313,23.6846,17.2079,-14.6379,23.6846,-17.2079,-14.6379]},"normal":{"type":"float32","components":3,"data":[0.491123,0.356822,0.794654,0.491123,0.356822,0.794654,0.491123,0.356822,0.794655,-0.187593,0.57735,0.794654,-0.187593,0.57735,0.794655,-0.187593,0.57735,0.794655,-0.607062,-8.92539e-08,0.794654,-0.607062,-8.92539e-08,0.794655,-0.607062,-8.92539e-08,0.794654,-0.187592,-0.57735,0.794655,-0.187592,-0.57735,0.794655,-0.187592,-0.57735,0.794655,0.491123,-0.356822,0.794654,0.491123,-0.356822,0.794654,0.491123,-0.356822,0.794654,0.982247,-5.95026e-08,-0.187592,0.982247,-5.95026e-08,-0.187592,0.982247,-5.95026e-08,-0.187592,0.303531,0.934172,-0.187593,0.303531,0.934172,-0.187593,0.303531,0.934172,-0.187593,-0.794654,0.57735,-0.187593,-0.794655,0.57735,-0.187593,-0.794655,0.57735,-0.187593,-0.794654,-0.57735,-0.187593,-0.794654,-0.57735,-0.187593,-0.794654,-0.57735,-0.187593,0.303531,-0.934172,-0.187592,0.303531,-0.934172,-0.187592,0.303531,-0.934172,-0.187592,0.794654,0.57735,0.187593,0.794655,0.57735,0.187593,0.794655,0.57735,0.187593,-0.303531,0.934172,0.187592,-0.303531,0.934172,0.187592,-0.303531,0.934172,0.187592,-0.982247,-1.19005e-07,0.187592,-0.982247,-1.19005e-07,0.187592,-0.982247,-1.19005e-07,0.187592,-0.303531,-0.934172,0.187592,-0.303531,-0.934172,0.187592,-0.303531,-0.934172,0.187592,0.794655,-0.57735,0.187592,0.794655,-0.57735,0.187592,0.794654,-0.57735,0.187592,0.187592,0.57735,-0.794655,0.187592,0.57735,-0.794655,0.187592,0.57735,-0.794654,-0.491124,0.356822,-0.794654,-0.491124,0.356822,-0.794654,-0.491124,0.356822,-0.794654,-0.491123,-0.356822,-0.794654,-0.491123,-0.356822,-0.794654,-0.491123,-0.356822,-0.794654,0.187593,-0.57735,-0.794654,0.187593,-0.57735,-0.794654,0.187593,-0.57735,-0.794654,0.607062,-2.97513e-08,-0.794654,0.607062,-2.97513e-08,-0.794654,0.607062,-2.97513e-08,-0.794655]},"texCoord0":{"type":"float32","components":2,"data":[0.273145,0.265212,0.470933,0.422477,0.191393,0.493947,0.273145,0.265212,0.191393,0.493947,0.030303,0.259691,0.273145,0.265212,0.030303,0.259691,0.19708,0.0242424,0.273145,0.265212,0.19708,0.0242424,0.476017,0.125704,0.273145,0.265212,0.476017,0.125704,0.470933,0.422477,0.969696,0.721029,0.745118,0.850689,0.745118,0.591368,0.969697,0.461709,0.745118,0.591368,0.745119,0.332048,0.969697,0.202388,0.745119,0.332048,0.745119,0.0727273,0.720836,0.587328,0.496259,0.716988,0.496258,0.457668,0.720836,0.328007,0.496258,0.457668,0.496258,0.198347,0.745118,0.591368,0.969697,0.461709,0.969696,0.721029,0.745119,0.332048,0.969697,0.202388,0.969697,0.461709,0.496259,0.716988,0.720836,0.587328,0.720837,0.846648,0.496258,0.457668,0.720836,0.328007,0.720836,0.587328,0.496258,0.198347,0.720836,0.0686869,0.720836,0.328007,0.241837,0.707383,0.0424507,0.55215,0.321245,0.477824,0.241837,0.707383,0.0404041,0.84896,0.0424507,0.55215,0.241837,0.707383,0.320364,0.947562,0.0404041,0.84896,0.241837,0.707383,0.484724,0.710419,0.320364,0.947562,0.241837,0.707383,0.321245,0.477824,0.484724,0.710419]}}],"meshes":[{"aabb":{"min":[-29.2758,-27.8429,-32.7313],"max":[29.2758,27.8429,32.7313]},"vertices":0,"indices":[0,1,2,3,4,5,6,7,8,9,10,11,12,13,14,15,16,17,18,19,20,21,22,23,24,25,26,27,28,29,30,31,32,33,34,35,36,37,38,39,40,41,42,43,44,45,46,47,48,49,50,51,52,53,54,55,56,57,58,59],"type":"triangles","base":0,"count":60}],"meshInstances":[{"node":1,"mesh":0}]}}